{
    "rmse": 0.7128595352208297,
    "mae": 0.5546573500999247,
    "r2": 0.24278242146437623
}