{
    "rmse": 0.6762755683690097,
    "mae": 0.5269641618752327,
    "r2": 0.26704011479173506
}